﻿<xml xmlns="http://www.w3.org/1999/xhtml"><block type="bdspeech" y="-494" x="-410"><value name="SPEECH_TEXT"><block type="text"><field name="TEXT">我准备好了</field></block></value><next><block type="controls_whileUntil"><field name="MODE">WHILE</field><value name="BOOL"><block type="logic_boolean"><field name="BOOL">TRUE</field></block></value><statement name="DO"><block type="variables_set"><field name="VAR">result</field><value name="VALUE"><block type="recog_result"></block></value><next><block type="controls_if"><value name="IF0"><block type="logic_compare"><field name="OP">NEQ</field><value name="A"><block type="variables_get"><field name="VAR">result</field></block></value><value name="B"><block type="logic_null"></block></value></block></value><statement name="DO0"><block type="controls_if"><value name="IF0"><block type="text_constans"><value name="VALUE"><block type="variables_get"><field name="VAR">result</field></block></value><value name="TEXT"><block type="text"><field name="TEXT">单词</field></block></value></block></value><statement name="DO0"><block type="bdspeech"><value name="SPEECH_TEXT"><block type="text"><field name="TEXT">我来认一认</field></block></value><next><block type="variables_set"><field name="VAR">character</field><value name="VALUE"><block type="character_recog_result"></block></value><next><block type="bdspeech"><value name="SPEECH_TEXT"><block type="variables_get"><field name="VAR">character</field></block></value></block></next></block></next></block></statement><next><block type="controls_if"><value name="IF0"><block type="text_constans"><value name="VALUE"><block type="variables_get"><field name="VAR">result</field></block></value><value name="TEXT"><block type="text"><field name="TEXT">棒</field></block></value></block></value><statement name="DO0"><block type="bdspeech"><value name="SPEECH_TEXT"><block type="text"><field name="TEXT">谢谢,我确实很棒</field></block></value></block></statement></block></next></block></statement></block></next></block></statement></block></next></block></xml>