﻿<xml xmlns="http://www.w3.org/1999/xhtml"><block type="bdspeech" x="-538" y="-570"><value name="SPEECH_TEXT"><block type="text"><field name="TEXT">我准备好了</field></block></value><next><block type="bdspeech"><value name="SPEECH_TEXT"><block type="text"><field name="TEXT">请设置采集人姓名</field></block></value><next><block type="controls_whileUntil"><field name="MODE">WHILE</field><value name="BOOL"><block type="logic_boolean"><field name="BOOL">TRUE</field></block></value><statement name="DO"><block type="variables_set"><field name="VAR">result</field><value name="VALUE"><block type="recog_result"></block></value><next><block type="controls_if"><value name="IF0"><block type="logic_operation"><field name="OP">AND</field><value name="A"><block type="logic_compare"><field name="OP">NEQ</field><value name="A"><block type="variables_get"><field name="VAR">result</field></block></value><value name="B"><block type="logic_null"></block></value></block></value><value name="B"><block type="logic_compare"><field name="OP">EQ</field><value name="A"><block type="text_isEmpty"><value name="VALUE"><shadow type="text"><field name="TEXT"></field></shadow><block type="variables_get"><field name="VAR">result</field></block></value></block></value><value name="B"><block type="logic_boolean"><field name="BOOL">FALSE</field></block></value></block></value></block></value><statement name="DO0"><block type="variables_set"><field name="VAR">hint</field><value name="VALUE"><block type="text"><field name="TEXT">好的,</field></block></value><next><block type="text_append"><field name="VAR">hint</field><value name="TEXT"><shadow type="text"><field name="TEXT"></field></shadow><block type="variables_get"><field name="VAR">result</field></block></value><next><block type="text_append"><field name="VAR">hint</field><value name="TEXT"><shadow type="text"><field name="TEXT"></field></shadow><block type="text"><field name="TEXT">,现在开始采集人脸数据</field></block></value><next><block type="bdspeech"><value name="SPEECH_TEXT"><block type="variables_get"><field name="VAR">hint</field></block></value><next><block type="set_face_name"><value name="FACE_NAME"><block type="variables_get"><field name="VAR">result</field></block></value><next><block type="variables_set"><field name="VAR">count</field><value name="VALUE"><block type="math_number"><field name="NUM">0</field></block></value><next><block type="controls_whileUntil"><field name="MODE">WHILE</field><value name="BOOL"><block type="logic_compare"><field name="OP">EQ</field><value name="A"><block type="variables_get"><field name="VAR">count</field></block></value><value name="B"><block type="math_number"><field name="NUM">0</field></block></value></block></value><statement name="DO"><block type="controls_if"><value name="IF0"><block type="face_reg_bool"></block></value><statement name="DO0"><block type="bdspeech"><value name="SPEECH_TEXT"><block type="text"><field name="TEXT">人脸数据采集完成,我可以认识你了</field></block></value><next><block type="variables_set"><field name="VAR">count</field><value name="VALUE"><block type="math_number"><field name="NUM">1</field></block></value></block></next></block></statement></block></statement></block></next></block></next></block></next></block></next></block></next></block></next></block></statement></block></next></block></statement></block></next></block></next></block></xml>