﻿<xml xmlns="http://www.w3.org/1999/xhtml"><block type="bdspeech" y="-494" x="-394"><value name="SPEECH_TEXT"><block type="text"><field name="TEXT">我准备好了</field></block></value><next><block type="controls_whileUntil"><field name="MODE">WHILE</field><value name="BOOL"><block type="logic_boolean"><field name="BOOL">TRUE</field></block></value><statement name="DO"><block type="variables_set"><field name="VAR">result</field><value name="VALUE"><block type="recog_result"></block></value><next><block type="controls_if"><value name="IF0"><block type="logic_compare"><field name="OP">NEQ</field><value name="A"><block type="variables_get"><field name="VAR">result</field></block></value><value name="B"><block type="logic_null"></block></value></block></value><statement name="DO0"><block type="controls_if"><value name="IF0"><block type="text_constans"><value name="VALUE"><block type="variables_get"><field name="VAR">result</field></block></value><value name="TEXT"><block type="text"><field name="TEXT">我是谁</field></block></value></block></value><statement name="DO0"><block type="variables_set"><field name="VAR">name</field><value name="VALUE"><block type="reg_face_name"></block></value><next><block type="controls_if"><value name="IF0"><block type="logic_operation"><field name="OP">AND</field><value name="A"><block type="logic_compare"><field name="OP">NEQ</field><value name="A"><block type="variables_get"><field name="VAR">name</field></block></value><value name="B"><block type="logic_null"></block></value></block></value><value name="B"><block type="logic_compare"><field name="OP">EQ</field><value name="A"><block type="text_isEmpty"><value name="VALUE"><shadow type="text"><field name="TEXT"></field></shadow><block type="variables_get"><field name="VAR">name</field></block></value></block></value><value name="B"><block type="logic_boolean"><field name="BOOL">FALSE</field></block></value></block></value></block></value><statement name="DO0"><block type="controls_if"><value name="IF0"><block type="text_constans"><value name="VALUE"><block type="variables_get"><field name="VAR">name</field></block></value><value name="TEXT"><block type="text"><field name="TEXT">我不认识你</field></block></value></block></value><statement name="DO0"><block type="bdspeech"><value name="SPEECH_TEXT"><block type="variables_get"><field name="VAR">name</field></block></value></block></statement><next><block type="controls_if"><value name="IF0"><block type="logic_negate"><value name="BOOL"><block type="text_constans"><value name="VALUE"><block type="variables_get"><field name="VAR">name</field></block></value><value name="TEXT"><block type="text"><field name="TEXT">我不认识你</field></block></value></block></value></block></value><statement name="DO0"><block type="variables_set"><field name="VAR">start</field><value name="VALUE"><block type="text"><field name="TEXT">你好,</field></block></value><next><block type="text_append"><field name="VAR">start</field><value name="TEXT"><shadow type="text"><field name="TEXT"></field></shadow><block type="variables_get"><field name="VAR">name</field></block></value><next><block type="bdspeech"><value name="SPEECH_TEXT"><block type="variables_get"><field name="VAR">start</field></block></value><next><block type="sleep_ms"><value name="SLEEP_TIME_MILI"><block type="math_number"><field name="NUM">2</field></block></value></block></next></block></next></block></next></block></statement></block></next></block></statement></block></next></block></statement></block></statement></block></next></block></statement></block></next></block></xml>