﻿<xml xmlns="http://www.w3.org/1999/xhtml"><block type="bdspeech" y="-799" x="-503"><value name="SPEECH_TEXT"><block type="text"><field name="TEXT">我准备好了</field></block></value><next><block type="variables_set"><field name="VAR">end</field><value name="VALUE"><block type="text"><field name="TEXT">摄氏度, </field></block></value><next><block type="variables_set"><field name="VAR">mid</field><value name="VALUE"><block type="text"><field name="TEXT">温度较为平和,可适当增加室外活动时间。</field></block></value><next><block type="variables_set"><field name="VAR">low</field><value name="VALUE"><block type="text"><field name="TEXT">温度偏低,为了防止感冒,请您酌情添衣,注意保暖</field></block></value><next><block type="variables_set"><field name="VAR">high</field><value name="VALUE"><block type="text"><field name="TEXT">温度偏高,请勿长时间在室外活动,防止中暑</field></block></value><next><block type="controls_whileUntil"><field name="MODE">WHILE</field><value name="BOOL"><block type="logic_boolean"><field name="BOOL">TRUE</field></block></value><statement name="DO"><block type="variables_set"><field name="VAR">result</field><value name="VALUE"><block type="recog_result"></block></value><next><block type="controls_if"><value name="IF0"><block type="logic_compare"><field name="OP">NEQ</field><value name="A"><block type="variables_get"><field name="VAR">result</field></block></value><value name="B"><block type="logic_null"></block></value></block></value><statement name="DO0"><block type="controls_if"><value name="IF0"><block type="logic_operation"><field name="OP">OR</field><value name="A"><block type="text_constans"><value name="VALUE"><block type="variables_get"><field name="VAR">result</field></block></value><value name="TEXT"><block type="text"><field name="TEXT">天气</field></block></value></block></value><value name="B"><block type="text_constans"><value name="VALUE"><block type="variables_get"><field name="VAR">result</field></block></value><value name="TEXT"><block type="text"><field name="TEXT">温度</field></block></value></block></value></block></value><statement name="DO0"><block type="variables_set"><field name="VAR">loop</field><value name="VALUE"><block type="logic_boolean"><field name="BOOL">TRUE</field></block></value><next><block type="controls_whileUntil"><field name="MODE">WHILE</field><value name="BOOL"><block type="variables_get"><field name="VAR">loop</field></block></value><statement name="DO"><block type="variables_set"><field name="VAR">temp</field><value name="VALUE"><block type="dht_read"><field name="TEMP_TYPE">DHT11</field><field name="PIN">Pin.D5</field><field name="TEMP_VALUE">temp_c()</field></block></value><next><block type="controls_if"><value name="IF0"><block type="logic_compare"><field name="OP">NEQ</field><value name="A"><block type="variables_get"><field name="VAR">temp</field></block></value><value name="B"><block type="logic_null"></block></value></block></value><statement name="DO0"><block type="variables_set"><field name="VAR">loop</field><value name="VALUE"><block type="logic_boolean"><field name="BOOL">FALSE</field></block></value><next><block type="variables_set"><field name="VAR">start</field><value name="VALUE"><block type="text"><field name="TEXT">今天天气温度:</field></block></value><next><block type="text_append"><field name="VAR">start</field><value name="TEXT"><shadow type="text"><field name="TEXT"></field></shadow><block type="variables_get"><field name="VAR">temp</field></block></value><next><block type="text_append"><field name="VAR">start</field><value name="TEXT"><shadow type="text"><field name="TEXT"></field></shadow><block type="variables_get"><field name="VAR">end</field></block></value><next><block type="controls_if"><value name="IF0"><block type="logic_compare"><field name="OP">LT</field><value name="A"><block type="variables_get"><field name="VAR">temp</field></block></value><value name="B"><block type="math_number"><field name="NUM">25</field></block></value></block></value><statement name="DO0"><block type="text_append"><field name="VAR">start</field><value name="TEXT"><shadow type="text"><field name="TEXT"></field></shadow><block type="variables_get"><field name="VAR">low</field></block></value></block></statement><next><block type="controls_if"><value name="IF0"><block type="logic_compare"><field name="OP">GT</field><value name="A"><block type="variables_get"><field name="VAR">temp</field></block></value><value name="B"><block type="math_number"><field name="NUM">29</field></block></value></block></value><statement name="DO0"><block type="text_append"><field name="VAR">start</field><value name="TEXT"><shadow type="text"><field name="TEXT"></field></shadow><block type="variables_get"><field name="VAR">high</field></block></value></block></statement><next><block type="controls_if"><value name="IF0"><block type="logic_operation"><field name="OP">AND</field><value name="A"><block type="logic_compare"><field name="OP">GTE</field><value name="A"><block type="variables_get"><field name="VAR">temp</field></block></value><value name="B"><block type="math_number"><field name="NUM">25</field></block></value></block></value><value name="B"><block type="logic_compare"><field name="OP">LTE</field><value name="A"><block type="variables_get"><field name="VAR">temp</field></block></value><value name="B"><block type="math_number"><field name="NUM">29</field></block></value></block></value></block></value><statement name="DO0"><block type="text_append"><field name="VAR">start</field><value name="TEXT"><shadow type="text"><field name="TEXT"></field></shadow><block type="variables_get"><field name="VAR">mid</field></block></value></block></statement><next><block type="bdspeech"><value name="SPEECH_TEXT"><block type="variables_get"><field name="VAR">start</field></block></value></block></next></block></next></block></next></block></next></block></next></block></next></block></next></block></statement><next><block type="controls_if"><value name="IF0"><block type="logic_compare"><field name="OP">EQ</field><value name="A"><block type="variables_get"><field name="VAR">temp</field></block></value><value name="B"><block type="logic_null"></block></value></block></value><statement name="DO0"><block type="sleep_ms"><value name="SLEEP_TIME_MILI"><block type="math_number"><field name="NUM">0.2</field></block></value></block></statement></block></next></block></next></block></statement></block></next></block></statement></block></statement></block></next></block></statement></block></next></block></next></block></next></block></next></block></next></block></xml>