﻿<xml xmlns="http://www.w3.org/1999/xhtml"><block type="bdspeech" x="-447" y="-686"><value name="SPEECH_TEXT"><block type="text"><field name="TEXT">我准备好了</field></block></value><next><block type="controls_whileUntil"><field name="MODE">WHILE</field><value name="BOOL"><block type="logic_boolean"><field name="BOOL">TRUE</field></block></value><statement name="DO"><block type="variables_set"><field name="VAR">result</field><value name="VALUE"><block type="recog_result"></block></value><next><block type="controls_if"><value name="IF0"><block type="logic_compare"><field name="OP">NEQ</field><value name="A"><block type="variables_get"><field name="VAR">result</field></block></value><value name="B"><block type="logic_null"></block></value></block></value><statement name="DO0"><block type="controls_if"><value name="IF0"><block type="text_constans"><value name="VALUE"><block type="variables_get"><field name="VAR">result</field></block></value><value name="TEXT"><block type="text"><field name="TEXT">复位</field></block></value></block></value><statement name="DO0"><block type="set_servo_angle"><value name="SERVO_NUM"><block type="math_number"><field name="NUM">3</field></block></value><value name="SERVO_ANGLE"><block type="math_number"><field name="NUM">0</field></block></value></block></statement><next><block type="controls_if"><value name="IF0"><block type="text_constans"><value name="VALUE"><block type="variables_get"><field name="VAR">result</field></block></value><value name="TEXT"><block type="text"><field name="TEXT">30度</field></block></value></block></value><statement name="DO0"><block type="set_servo_angle"><value name="SERVO_NUM"><block type="math_number"><field name="NUM">3</field></block></value><value name="SERVO_ANGLE"><block type="math_number"><field name="NUM">30</field></block></value></block></statement><next><block type="controls_if"><value name="IF0"><block type="text_constans"><value name="VALUE"><block type="variables_get"><field name="VAR">result</field></block></value><value name="TEXT"><block type="text"><field name="TEXT">60度</field></block></value></block></value><statement name="DO0"><block type="set_servo_angle"><value name="SERVO_NUM"><block type="math_number"><field name="NUM">3</field></block></value><value name="SERVO_ANGLE"><block type="math_number"><field name="NUM">60</field></block></value></block></statement><next><block type="controls_if"><value name="IF0"><block type="text_constans"><value name="VALUE"><block type="variables_get"><field name="VAR">result</field></block></value><value name="TEXT"><block type="text"><field name="TEXT">90度</field></block></value></block></value><statement name="DO0"><block type="set_servo_angle"><value name="SERVO_NUM"><block type="math_number"><field name="NUM">3</field></block></value><value name="SERVO_ANGLE"><block type="math_number"><field name="NUM">90</field></block></value></block></statement></block></next></block></next></block></next></block></statement></block></next></block></statement></block></next></block></xml>