﻿<xml xmlns="http://www.w3.org/1999/xhtml"><block type="bdspeech" x="-410" y="-494"><value name="SPEECH_TEXT"><block type="text"><field name="TEXT">我准备好了</field></block></value><next><block type="controls_whileUntil"><field name="MODE">WHILE</field><value name="BOOL"><block type="logic_boolean"><field name="BOOL">TRUE</field></block></value><statement name="DO"><block type="variables_set"><field name="VAR">result</field><value name="VALUE"><block type="recog_result"></block></value><next><block type="controls_if"><value name="IF0"><block type="logic_compare"><field name="OP">NEQ</field><value name="A"><block type="variables_get"><field name="VAR">result</field></block></value><value name="B"><block type="logic_null"></block></value></block></value><statement name="DO0"><block type="controls_if"><mutation elseif="3"></mutation><value name="IF0"><block type="text_constans"><value name="VALUE"><block type="variables_get"><field name="VAR">result</field></block></value><value name="TEXT"><block type="text"><field name="TEXT">床前明月光</field></block></value></block></value><statement name="DO0"><block type="bdspeech"><value name="SPEECH_TEXT"><block type="text"><field name="TEXT">疑是地上霜</field></block></value></block></statement><value name="IF1"><block type="text_constans"><value name="VALUE"><block type="variables_get"><field name="VAR">result</field></block></value><value name="TEXT"><block type="text"><field name="TEXT">举头望明月</field></block></value></block></value><statement name="DO1"><block type="bdspeech"><value name="SPEECH_TEXT"><block type="text"><field name="TEXT">低头思故乡</field></block></value></block></statement><value name="IF2"><block type="text_constans"><value name="VALUE"><block type="variables_get"><field name="VAR">result</field></block></value><value name="TEXT"><block type="text"><field name="TEXT">日照香炉生紫烟</field></block></value></block></value><statement name="DO2"><block type="bdspeech"><value name="SPEECH_TEXT"><block type="text"><field name="TEXT">遥看瀑布挂前川</field></block></value></block></statement><value name="IF3"><block type="text_constans"><value name="VALUE"><block type="variables_get"><field name="VAR">result</field></block></value><value name="TEXT"><block type="text"><field name="TEXT">飞流直下三千尺</field></block></value></block></value><statement name="DO3"><block type="bdspeech"><value name="SPEECH_TEXT"><block type="text"><field name="TEXT">疑是银河落九天</field></block></value></block></statement></block></statement></block></next></block></statement></block></next></block></xml>